player_id,player_rating,prediction_error,tourney_date
103819.0,1459.7105516436047,0.0,19980706.0
103819.0,1602.8131457450813,1.0,19980928.0
103819.0,1703.444283401466,1.0,19980928.0
103819.0,1670.0302179759751,0.0,19980928.0
103819.0,1659.2510369200163,0.0,19981005.0
103819.0,1738.7069987359228,1.0,19990201.0
103819.0,1776.2766388800082,0.0,19990201.0
103819.0,1736.1918712931335,0.0,19990201.0
103819.0,1778.623442310271,1.0,19990215.0
103819.0,1811.3802415544467,0.0,19990215.0
103819.0,1790.9980850426975,0.0,19990215.0
103819.0,1766.8707010160474,0.0,19990607.0
103819.0,1739.4628451711308,1.0,19990705.0
103819.0,1704.7822844996404,1.0,19990816.0
103819.0,1740.4757755401013,1.0,19990913.0
103819.0,1707.298309142959,1.0,19990913.0
103819.0,1732.139718793495,1.0,19990927.0
103819.0,1714.8980282967088,0.0,19990927.0
103819.0,1734.3333052257121,0.0,19991004.0
103819.0,1746.9296579666707,0.0,19991004.0
103819.0,1736.8224360787226,0.0,19991004.0
103819.0,1757.6170193476735,1.0,19991011.0
103819.0,1777.3222322144138,1.0,19991011.0
103819.0,1804.4862496195292,1.0,19991011.0
103819.0,1795.2336694202531,0.0,19991011.0
103819.0,1810.4895752334564,0.0,19991018.0
103819.0,1800.2488756525217,0.0,19991018.0
103819.0,1787.4247895319954,0.0,20000110.0
103819.0,1761.9928146030106,1.0,20000522.0
103819.0,1752.9791003902963,0.0,20000710.0
103819.0,1774.1368141916448,1.0,20001023.0
103819.0,1790.400476392692,1.0,20001023.0
103819.0,1801.0958394845607,0.0,20001023.0
103819.0,1824.0979336740688,1.0,20001023.0
103819.0,1815.0002687351782,0.0,20001023.0
103819.0,1834.9936422505068,1.0,20001009.0
103819.0,1846.6157705984654,0.0,20001009.0
103819.0,1864.3109265746152,1.0,20001009.0
103819.0,1852.8349996580887,0.0,20001009.0
103819.0,1860.556801448883,0.0,20000103.0
103819.0,1850.8354604934088,0.0,20000103.0
103819.0,1862.5681327373509,0.0,20001106.0
103819.0,1852.6042061886649,0.0,20001106.0
103819.0,1869.4441592000956,1.0,20000221.0
103819.0,1880.1330317174406,0.0,20000221.0
103819.0,1863.0538729509512,1.0,20000221.0
103819.0,1842.5474173836135,1.0,20000814.0
103819.0,1826.6477053047954,1.0,20000424.0
103819.0,1828.9201344114897,0.0,20001120.0
103819.0,1815.9496057213173,1.0,20001120.0
103819.0,1825.185548303581,0.0,20000228.0
103819.0,1827.9605171890669,0.0,20000228.0
103819.0,1837.7084723488992,0.0,20000228.0
103819.0,1825.7525294885718,0.0,20000228.0
103819.0,1832.7852750565135,0.0,20000207.0
103819.0,1843.3078827810855,0.0,20000207.0
103819.0,1852.021670370238,0.0,20000207.0
103819.0,1863.6296013487763,0.0,20000207.0
103819.0,1850.7048093570202,1.0,20000207.0
103819.0,1861.1448078020262,0.0,20000612.0
103819.0,1872.816116561374,0.0,20000612.0
103819.0,1862.474403954825,0.0,20000612.0
103819.0,1846.1245259770644,1.0,20000619.0
103819.0,1856.3384914982748,0.0,20000918.0
103819.0,1871.0689965268848,1.0,20000918.0
103819.0,1880.587075655989,0.0,20000918.0
103819.0,1888.5663461139513,0.0,20000918.0
103819.0,1878.8425328510903,0.0,20000918.0
103819.0,1862.881539600356,1.0,20000918.0
103819.0,1848.4794703677708,1.0,20010709.0
103819.0,1859.1468979126698,0.0,20011022.0
103819.0,1867.3310449010396,0.0,20011022.0
103819.0,1874.2827370802697,0.0,20011022.0
103819.0,1880.4911890865167,0.0,20011022.0
103819.0,1872.511377570927,0.0,20011022.0
103819.0,1878.303907476058,0.0,20011008.0
103819.0,1887.9103152796774,0.0,20011008.0
103819.0,1874.1095573162072,1.0,20011008.0
103819.0,1884.049495244118,0.0,20010108.0
103819.0,1891.8250692809852,0.0,20010108.0
103819.0,1880.1447183673658,1.0,20010108.0
103819.0,1886.0138530962463,0.0,20010219.0
103819.0,1896.4185759023258,0.0,20010219.0
103819.0,1908.826165516981,1.0,20010219.0
103819.0,1915.63454971173,0.0,20010219.0
103819.0,1902.9145079500595,1.0,20010219.0
103819.0,1909.4171087240074,0.0,20010129.0
103819.0,1911.9300200683,0.0,20010129.0
103819.0,1918.6179801169508,0.0,20010129.0
103819.0,1928.8020082305986,0.0,20010129.0
103819.0,1935.1612044342369,0.0,20010129.0
103819.0,1922.719685625666,1.0,20011001.0
103819.0,1925.9445398585908,0.0,20010618.0
103819.0,1929.896901781409,0.0,20010618.0
103819.0,1935.1680053650655,0.0,20010618.0
103819.0,1928.341569088173,0.0,20010618.0
103819.0,1930.593817201607,0.0,20010212.0
103819.0,1933.3216483791507,0.0,20010212.0
103819.0,1939.8932644623565,0.0,20010212.0
103819.0,1927.6578506001338,1.0,20010212.0
103819.0,1934.3608575534213,0.0,20010611.0
103819.0,1940.3227793140854,0.0,20010611.0
103819.0,1928.6463933791838,1.0,20010611.0
103819.0,1933.70906638338,0.0,20020708.0
103819.0,1916.3147617589343,1.0,20020708.0
103819.0,1919.8110087485054,0.0,20021021.0
103819.0,1923.6967281693055,0.0,20021021.0
103819.0,1935.6546090970487,1.0,20021021.0
103819.0,1921.2736539193754,1.0,20021021.0
103819.0,1922.6397655685628,0.0,20021007.0
103819.0,1932.213445750975,0.0,20021007.0
103819.0,1940.0961113102749,0.0,20021007.0
103819.0,1952.2679399015342,1.0,20021007.0
103819.0,1961.3401001314464,0.0,20021007.0
103819.0,1969.2370110660668,0.0,20020107.0
103819.0,1976.0885211392163,0.0,20020107.0
103819.0,1984.327382491381,0.0,20020107.0
103819.0,1994.255032674352,0.0,20020107.0
103819.0,2001.4899798811834,0.0,20020107.0
103819.0,2004.6244663440912,0.0,20020218.0
103819.0,2012.9658136721282,0.0,20020218.0
103819.0,1996.8672226255078,1.0,20020218.0
103819.0,2000.7299070114177,0.0,20020128.0
103819.0,2003.4612933488822,0.0,20020128.0
103819.0,2006.989651470938,0.0,20020128.0
103819.0,2016.9135277610178,0.0,20020128.0
103819.0,1996.085295056816,1.0,20020128.0
103819.0,1997.6544782324886,0.0,20020930.0
103819.0,2001.4720239953879,0.0,20020930.0
103819.0,1987.0753987325893,1.0,20020930.0
103819.0,1998.1312271233767,0.0,20020617.0
103819.0,2000.8521716673076,0.0,20020617.0
103819.0,1983.227400036416,1.0,20020617.0
103819.0,1963.9900935303933,1.0,20020819.0
103819.0,1967.7311496610023,0.0,20020225.0
103819.0,1951.865336364635,1.0,20020225.0
103819.0,1958.0680197544789,0.0,20020610.0
103819.0,1963.3681423652126,0.0,20020610.0
103819.0,1969.1165434317406,0.0,20020610.0
103819.0,1953.041638208345,1.0,20020610.0
104745.0,1629.9074350811384,1.0,20020429.0
104745.0,1568.511299402594,0.0,20020429.0
103819.0,1955.344720487306,0.0,20030428.0
103819.0,1960.1007772754087,0.0,20030428.0
103819.0,1966.9393911991965,0.0,20030428.0
103819.0,1971.490502739744,0.0,20030428.0
103819.0,1978.7514275094707,0.0,20030428.0
103819.0,1984.303725693244,0.0,20030707.0
103819.0,1988.0998954293523,0.0,20030707.0
103819.0,1992.8958368184192,0.0,20030707.0
103819.0,2003.0317539998396,0.0,20030707.0
103819.0,1986.33143053185,1.0,20030707.0
104745.0,1683.4340546343335,1.0,20030707.0
104745.0,1732.8330851753528,0.0,20030707.0
104745.0,1689.8429269032222,0.0,20030707.0
104745.0,1712.06463223604,0.0,20030714.0
104745.0,1680.8477676220095,0.0,20030714.0
104745.0,1651.1415202624469,0.0,20031020.0
103819.0,1991.2558323218902,0.0,20031020.0
103819.0,1972.7193691049738,1.0,20031020.0
103819.0,1979.0969292638858,0.0,20031006.0
103819.0,1981.2860782418757,0.0,20031006.0
103819.0,1988.4894985965525,0.0,20031006.0
103819.0,1994.9135254951323,0.0,20031006.0
103819.0,2005.5646895539485,0.0,20031006.0
103819.0,1984.605515456524,1.0,20030106.0
104745.0,1627.3709536812141,0.0,20031006.0
103819.0,1993.1259178512369,0.0,20030217.0
103819.0,1999.7545718217075,0.0,20030217.0
103819.0,2006.846669836843,0.0,20030217.0
103819.0,1989.0983247671707,1.0,20030217.0
104745.0,1661.1818783995186,1.0,20030421.0
104745.0,1644.21312094431,0.0,20030421.0
104745.0,1670.4295462836903,0.0,20030721.0
104745.0,1700.301712367947,1.0,20030721.0
104745.0,1727.9681720379888,1.0,20030721.0
104745.0,1718.6297979387666,0.0,20030721.0
103819.0,1991.825311762192,0.0,20021230.0
103819.0,1995.7983662627353,0.0,20021230.0
103819.0,1976.5631685070389,1.0,20021230.0
103819.0,1978.6762340269388,0.0,20030224.0
103819.0,1981.378898354208,0.0,20030224.0
103819.0,1986.0979079239532,0.0,20030224.0
103819.0,1993.131540314908,0.0,20030224.0
103819.0,2000.4589954954554,0.0,20030224.0
103819.0,2006.8629212164599,0.0,20030210.0
103819.0,2012.698182894204,0.0,20030210.0
103819.0,2017.3141947985396,0.0,20030210.0
103819.0,2025.1144210008797,0.0,20030210.0
103819.0,2031.3528966442268,0.0,20030210.0
103819.0,2034.9804710230521,0.0,20030609.0
103819.0,2038.3723872445296,0.0,20030609.0
103819.0,2044.8485069535354,0.0,20030609.0
103819.0,2050.6354838536495,0.0,20030609.0
103819.0,2057.055291815769,0.0,20030609.0
103819.0,2059.7635697268015,0.0,20040927.0
104925.0,1445.0613707659716,0.0,20040927.0
103819.0,2061.316168301232,0.0,20040927.0
103819.0,2064.933898831709,0.0,20040927.0
103819.0,2072.0309459093132,0.0,20040927.0
103819.0,2083.2912361432227,0.0,20040927.0
104745.0,1750.9355710652644,1.0,20040112.0
104745.0,1765.781315168248,0.0,20040112.0
104745.0,1783.9533359654097,0.0,20040112.0
104745.0,1807.9225729673337,1.0,20040112.0
104745.0,1789.0495290464219,0.0,20040112.0
103819.0,2085.6671154348414,0.0,20040705.0
103819.0,2088.0427000345176,0.0,20040705.0
103819.0,2092.634440335838,0.0,20040705.0
103819.0,2096.5789502210714,0.0,20040705.0
103819.0,2100.732028767299,0.0,20040705.0
104745.0,1800.8808841441373,0.0,20040705.0
104745.0,1811.8676310615933,0.0,20040705.0
104745.0,1798.191371150324,0.0,20040705.0
104745.0,1804.7533191569037,0.0,20040712.0
104745.0,1821.7404080634283,1.0,20040712.0
104745.0,1800.9357986711368,1.0,20040712.0
104745.0,1808.065358379291,0.0,20040927.0
104745.0,1785.2853016099862,1.0,20040927.0
104745.0,1773.889080652108,0.0,20041025.0
104745.0,1753.2148127080966,1.0,20041004.0
103819.0,2105.591716171957,0.0,20040216.0
103819.0,2108.380060728571,0.0,20040216.0
103819.0,2089.7626073391216,1.0,20040216.0
104745.0,1764.4606862101537,0.0,20040209.0
104745.0,1745.3829292688263,1.0,20040209.0
104925.0,1425.7634537637816,0.0,20040719.0
104745.0,1757.435230537652,0.0,20040412.0
104745.0,1767.6943577790485,0.0,20040412.0
104745.0,1745.8433834812495,1.0,20040412.0
104745.0,1757.8774489509692,0.0,20040809.0
104745.0,1766.4512730171389,0.0,20040809.0
104745.0,1777.914536353389,0.0,20040809.0
104745.0,1792.2030437948742,1.0,20040809.0
104745.0,1802.6387482878604,0.0,20040809.0
103819.0,2094.8396298849725,0.0,20040301.0
104745.0,1814.4182013356565,0.0,20040301.0
103819.0,2100.622821126317,0.0,20040301.0
104745.0,1823.7910836287758,0.0,20040301.0
103819.0,2103.917143830303,0.0,20040301.0
104745.0,1810.7533901754473,1.0,20040301.0
103819.0,2107.978852725194,0.0,20040301.0
103819.0,2111.9541598761416,0.0,20040301.0
103819.0,2117.01729242116,0.0,20040607.0
103819.0,2121.2331252941094,0.0,20040607.0
103819.0,2126.051374811459,0.0,20040607.0
103819.0,2133.1206674882046,0.0,20040607.0
103819.0,2137.8816985706812,0.0,20040607.0
104925.0,1562.4787291365283,1.0,20040913.0
104925.0,1527.6769986594861,0.0,20040913.0
104745.0,1790.1787963910065,1.0,20040105.0
103819.0,2140.3851580651135,0.0,20040816.0
103819.0,2116.2233405729107,1.0,20040816.0
103819.0,2117.1555441767878,0.0,20050926.0
103819.0,2118.134360770169,0.0,20050926.0
103819.0,2122.5635233854096,0.0,20050926.0
103819.0,2127.049016301794,0.0,20050926.0
103819.0,2131.9732444045912,0.0,20050926.0
104745.0,1779.321028425703,0.0,20050110.0
104745.0,1790.3495851875364,0.0,20050704.0
104745.0,1799.9086816971762,0.0,20050704.0
104745.0,1813.9405535263015,1.0,20050704.0
104745.0,1828.2052751748,1.0,20050704.0
104745.0,1839.0680752128642,0.0,20050704.0
104745.0,1843.2671546960696,0.0,20050718.0
104745.0,1855.0643845824475,0.0,20050718.0
104745.0,1858.95374701506,0.0,20050718.0
104745.0,1870.6484733251184,0.0,20050718.0
104745.0,1886.13997656882,1.0,20050718.0
104925.0,1608.432439445681,1.0,20051024.0
104925.0,1579.8247678758603,0.0,20051024.0
103819.0,2134.022709855367,0.0,20050214.0
103819.0,2135.275608571518,0.0,20050214.0
103819.0,2139.053729957448,0.0,20050214.0
103819.0,2143.25972374917,0.0,20050214.0
103819.0,2150.2438158960617,0.0,20050214.0
104745.0,1895.3972882254582,0.0,20050418.0
104745.0,1905.1721880707114,0.0,20050418.0
104745.0,1913.9651472757314,0.0,20050418.0
104745.0,1924.3827614200275,0.0,20050418.0
104745.0,1935.0012668161096,0.0,20050418.0
104925.0,1628.1189235346683,1.0,20050725.0
104925.0,1613.09883945646,0.0,20050725.0
103819.0,2152.5106017536,0.0,20050103.0
104745.0,1944.0651181318015,0.0,20050103.0
103819.0,2158.2098669138845,0.0,20050103.0
104745.0,1950.9227463965308,0.0,20050103.0
103819.0,2161.6135844256205,0.0,20050103.0
104745.0,1939.3772392940346,1.0,20050103.0
103819.0,2165.4904531563607,0.0,20050103.0
103819.0,2172.330454385632,0.0,20050103.0
103819.0,2175.146577754728,0.0,20050221.0
103819.0,2180.0325229969258,0.0,20050221.0
103819.0,2184.3444675401715,0.0,20050221.0
103819.0,2192.4976979979297,0.0,20050221.0
103819.0,2199.0969776998054,0.0,20050221.0
103819.0,2201.627943338819,0.0,20050606.0
104745.0,1919.3847738822421,1.0,20050606.0
103819.0,2203.879214895112,0.0,20050606.0
103819.0,2204.8320965874746,0.0,20050606.0
103819.0,2209.310548227232,0.0,20050606.0
103819.0,2212.9875365519447,0.0,20050606.0
104745.0,1926.9682622349783,0.0,20050207.0
104745.0,1931.798879176374,0.0,20050207.0
104745.0,1922.204733904602,0.0,20050207.0
104745.0,1929.0050664891075,0.0,20050214.0
104745.0,1932.0874628926363,0.0,20050214.0
104745.0,1939.6870602470815,0.0,20050214.0
104745.0,1944.6075158007507,0.0,20050214.0
104745.0,1950.6937730874638,0.0,20050214.0
104745.0,1959.8277773306354,0.0,20050404.0
104925.0,1580.746217944088,0.0,20050404.0
104745.0,1963.614679047542,0.0,20050404.0
104745.0,1946.7150496230922,1.0,20050404.0
104745.0,1949.0678541371065,0.0,20050912.0
104745.0,1952.0468660343563,0.0,20050912.0
104745.0,1956.7566975892978,0.0,20050912.0
104745.0,1966.48630675413,0.0,20050912.0
104745.0,1978.1383053501545,0.0,20050912.0
104745.0,1980.5333370245417,0.0,20050221.0
104745.0,1984.7520782496692,0.0,20050221.0
104745.0,1994.1297156721735,0.0,20050221.0
104745.0,1999.5531661651123,0.0,20050221.0
104745.0,2002.8499661064468,0.0,20050221.0
104925.0,1623.9997774565204,1.0,20060130.0
104925.0,1676.3658066551084,1.0,20060130.0
104925.0,1704.0353463369484,0.0,20060130.0
104925.0,1694.3487887823549,0.0,20060130.0
104745.0,2009.1071419556038,0.0,20060612.0
104745.0,2014.7735479737566,0.0,20060612.0
104745.0,2004.628665555134,0.0,20060612.0
104925.0,1704.3294220367814,0.0,20060717.0
104925.0,1722.7067347529703,0.0,20060717.0
104925.0,1746.9933650559317,0.0,20060717.0
104925.0,1782.5658867453758,1.0,20060717.0
104925.0,1809.1743439806878,1.0,20060717.0
103819.0,2213.760560893479,0.0,20061023.0
103819.0,2215.1468873471767,0.0,20061023.0
103819.0,2217.8553579255768,0.0,20061023.0
103819.0,2221.6204330855066,0.0,20061023.0
103819.0,2227.8591031777796,0.0,20061023.0
103819.0,2229.0994051746866,0.0,20061002.0
103819.0,2230.5833235955897,0.0,20061002.0
103819.0,2231.820335171295,0.0,20061002.0
103819.0,2233.9853596566127,0.0,20061002.0
103819.0,2238.8348030854845,0.0,20061002.0
104925.0,1818.4165656507344,0.0,20061009.0
104925.0,1792.9881266135812,1.0,20061009.0
104925.0,1803.2891924449766,0.0,20061002.0
104925.0,1813.1903989174475,0.0,20061002.0
104925.0,1824.296415274956,0.0,20061002.0
104925.0,1845.6108386550056,1.0,20061002.0
104925.0,1864.444254986386,1.0,20061002.0
104925.0,1874.4400517240947,0.0,20060220.0
104925.0,1894.84842940662,1.0,20060220.0
104925.0,1875.072018671702,1.0,20060220.0
104925.0,1847.7587509334337,1.0,20060424.0
104745.0,2010.3641553712282,0.0,20060424.0
104745.0,2015.772852100029,0.0,20060424.0
104745.0,2022.824560312697,0.0,20060424.0
104745.0,2026.4958276385053,0.0,20060424.0
104745.0,2033.6533580341438,0.0,20060424.0
104745.0,2035.767391843472,0.0,20061009.0
104745.0,2017.06452541726,1.0,20061009.0
104925.0,1852.2767579766373,0.0,20060724.0
104925.0,1859.167441320871,0.0,20060724.0
104925.0,1865.3312481762282,0.0,20060724.0
104925.0,1882.3471125044898,1.0,20060724.0
104925.0,1864.4580911722155,1.0,20060724.0
104925.0,1871.0262312402187,0.0,20060619.0
104925.0,1846.8139142164923,1.0,20060619.0
103819.0,2239.7580943415614,0.0,20060102.0
103819.0,2241.9167756575353,0.0,20060102.0
103819.0,2243.707648860612,0.0,20060102.0
103819.0,2249.0913133745316,0.0,20060102.0
103819.0,2251.7705834649496,0.0,20060102.0
103819.0,2254.604827055694,0.0,20060227.0
104745.0,2019.7757795103657,0.0,20060227.0
103819.0,2255.140891687932,0.0,20060227.0
104745.0,2024.6071141587186,0.0,20060227.0
103819.0,2256.2936726821163,0.0,20060227.0
104745.0,2033.7462843060875,0.0,20060227.0
103819.0,2259.2201954492584,0.0,20060227.0
104745.0,2037.0146375628788,0.0,20060227.0
104745.0,2055.989333102149,1.0,20060227.0
103819.0,2233.597444424996,1.0,20060227.0
104745.0,2061.8865534610154,0.0,20060213.0
104745.0,2065.017155591431,0.0,20060213.0
104745.0,2067.4963262779233,0.0,20060213.0
104745.0,2047.6615707957685,1.0,20060213.0
103819.0,2233.9978519736455,0.0,20060612.0
103819.0,2237.2993768407996,0.0,20060612.0
103819.0,2240.898937715977,0.0,20060612.0
103819.0,2247.558409930414,0.0,20060612.0
103819.0,2249.952473641399,0.0,20060612.0
104745.0,2050.780884936259,0.0,20070611.0
104925.0,1855.4380469285545,0.0,20070611.0
104745.0,2055.3600302241152,0.0,20070611.0
104925.0,1840.2945425802825,1.0,20070611.0
104745.0,2032.4766011603515,1.0,20070611.0
104745.0,2034.5846291913808,0.0,20070716.0
104745.0,2039.6507248097682,0.0,20070716.0
104745.0,2045.6573243337239,0.0,20070716.0
104745.0,2049.6281663656496,0.0,20070716.0
104745.0,2054.7189694479166,0.0,20070716.0
103819.0,2250.4414976832845,0.0,20071022.0
103819.0,2251.9701158428393,0.0,20071022.0
103819.0,2254.9594830073574,0.0,20071022.0
103819.0,2257.496990185518,0.0,20071022.0
103819.0,2260.8315709065005,0.0,20071022.0
104925.0,1850.6600208543982,0.0,20071007.0
104925.0,1855.3546737607069,0.0,20071007.0
104925.0,1866.9260441257393,0.0,20071007.0
104925.0,1877.6278388529174,0.0,20071007.0
104925.0,1890.9161281876886,0.0,20071007.0
104745.0,2031.2262357051454,1.0,20070108.0
104925.0,1896.9616714356366,0.0,20070101.0
104925.0,1904.3255217112671,0.0,20070101.0
104925.0,1906.1195055976823,0.0,20070101.0
104925.0,1909.978597470169,0.0,20070101.0
104925.0,1921.009982657161,0.0,20070101.0
104925.0,1927.1724056108405,0.0,20070219.0
104925.0,1932.46324061173,0.0,20070219.0
104925.0,1943.3175907486543,0.0,20070219.0
104925.0,1927.0950563703766,1.0,20070219.0
104745.0,2035.9900687007369,0.0,20070423.0
104745.0,2042.340960653578,0.0,20070423.0
104745.0,2046.1882978420758,0.0,20070423.0
104745.0,2054.319416311449,0.0,20070423.0
104745.0,2061.7056632091426,0.0,20070423.0
104925.0,1931.8163779240838,0.0,20070723.0
104925.0,1910.014474209683,1.0,20070723.0
104925.0,1919.1589905705139,0.0,20070429.0
104925.0,1924.3791802267451,0.0,20070429.0
104925.0,1929.17612477445,0.0,20070429.0
104925.0,1940.0120296054324,0.0,20070429.0
104925.0,1952.8421696349774,1.0,20070429.0
103819.0,2261.5840934785365,0.0,20070226.0
104925.0,1958.8774640628862,0.0,20070226.0
104745.0,2067.424062094992,0.0,20070226.0
103819.0,2262.786362763136,0.0,20070226.0
104925.0,1963.8950965736842,0.0,20070226.0
104745.0,2072.1865206434804,0.0,20070226.0
103819.0,2268.2570432197836,0.0,20070226.0
104925.0,1959.8701488091801,0.0,20070226.0
104745.0,2053.3576364184146,1.0,20070226.0
103819.0,2274.1067757686924,0.0,20070226.0
103819.0,2278.2648926230922,0.0,20070226.0
104925.0,1945.7511748301051,1.0,20070212.0
104745.0,2056.2476407650665,0.0,20070101.0
104745.0,2057.1346862249557,0.0,20070101.0
104745.0,2059.582235095304,0.0,20070101.0
104745.0,2038.8779527277472,1.0,20070101.0
104925.0,1949.337126166346,0.0,20080922.0
104925.0,1960.0136027357921,0.0,20080922.0
104925.0,1970.7459921943155,0.0,20080922.0
104925.0,1954.136285821542,1.0,20080922.0
104745.0,2042.5552241298883,0.0,20080609.0
104925.0,1955.3629967502015,0.0,20080609.0
104745.0,2044.8447930630696,0.0,20080609.0
104925.0,1958.8754858156133,0.0,20080609.0
104745.0,2054.748980846901,0.0,20080609.0
104925.0,1971.799510552715,1.0,20080609.0
104745.0,2067.0235231228653,0.0,20080609.0
104925.0,1979.2156786430273,0.0,20080609.0
104745.0,2076.8633354860217,0.0,20080609.0
104925.0,1969.8602890204056,0.0,20080609.0
103819.0,2278.5291357385745,0.0,20081020.0
103819.0,2281.0542514877834,0.0,20081020.0
103819.0,2283.032218292205,0.0,20081020.0
103819.0,2284.971892416772,0.0,20081020.0
103819.0,2287.7671474675435,0.0,20081020.0
104745.0,2084.36959044097,0.0,20080218.0
104745.0,2061.0055160632587,1.0,20080218.0
104745.0,2065.119657317093,0.0,20080428.0
104745.0,2068.7883245226794,0.0,20080428.0
104745.0,2074.238435449,0.0,20080428.0
104745.0,2076.8872936388057,0.0,20080428.0
104745.0,2084.272730539581,0.0,20080428.0
103819.0,2289.254218471198,0.0,20080414.0
103819.0,2290.8294046585825,0.0,20080414.0
103819.0,2292.351837472561,0.0,20080414.0
103819.0,2293.709214871987,0.0,20080414.0
103819.0,2297.1451056468304,0.0,20080414.0
103819.0,2265.2474667242427,1.0,20080303.0
104925.0,1976.471048698365,0.0,20080303.0
104745.0,2088.696361228221,0.0,20080303.0
104925.0,1983.2825423994282,0.0,20080303.0
104745.0,2089.8129750491685,0.0,20080303.0
104925.0,1989.5049881073555,0.0,20080303.0
104745.0,2073.993812228643,1.0,20080303.0
104925.0,1978.8761656392362,0.0,20080303.0
104925.0,1980.7682917483396,0.0,20080211.0
104925.0,1964.4914387830008,1.0,20080211.0
103819.0,2266.0814401873313,0.0,20080609.0
103819.0,2266.9749511599175,0.0,20080609.0
103819.0,2270.603833252031,0.0,20080609.0
103819.0,2273.611005674349,0.0,20080609.0
103819.0,2276.731841760854,0.0,20080609.0
104745.0,2075.1717972083784,0.0,20071231.0
104745.0,2076.9695910165533,0.0,20071231.0
104745.0,2079.9195317333083,0.0,20071231.0
104745.0,2086.0544653790694,0.0,20071231.0
104745.0,2064.717504917752,1.0,20071231.0
103819.0,2280.0768607818018,0.0,20080811.0
104925.0,1969.890765807072,0.0,20080811.0
104745.0,2067.983014309377,0.0,20080811.0
103819.0,2281.3278861144377,0.0,20080811.0
104925.0,1974.9871356830072,0.0,20080811.0
104745.0,2075.8206979452843,0.0,20080811.0
103819.0,2286.070239856388,0.0,20080811.0
104925.0,1984.249426288584,0.0,20080811.0
104745.0,2080.3917040610877,0.0,20080811.0
103819.0,2252.527613206388,1.0,20080811.0
104925.0,1991.3132655451304,0.0,20080811.0
104745.0,2084.3396067598596,0.0,20080811.0
104745.0,2094.3103112817807,0.0,20080811.0
104925.0,1982.3675290866156,0.0,20080811.0
104745.0,2102.9921632628902,0.0,20080811.0
104925.0,1992.0225068465174,0.0,20080811.0
103819.0,2254.4453376459037,0.0,20091102.0
104925.0,1995.204017150431,0.0,20091102.0
103819.0,2256.237756356815,0.0,20091102.0
104925.0,1998.7067221510506,0.0,20091102.0
103819.0,2258.249819157887,0.0,20091102.0
104925.0,2004.846026291324,0.0,20091102.0
103819.0,2259.4480463352456,0.0,20091102.0
104925.0,2011.9173554003569,0.0,20091102.0
104925.0,2031.085368032861,1.0,20091102.0
103819.0,2229.2247929252685,1.0,20091102.0
104925.0,2036.6662848379715,0.0,20090112.0
104925.0,2044.0615603884717,0.0,20090112.0
104925.0,2023.7345592688935,1.0,20090112.0
104925.0,2002.4535098283968,1.0,20090104.0
104745.0,2105.082858767021,0.0,20090209.0
104745.0,2107.123976989128,0.0,20090209.0
104745.0,2113.464015548304,0.0,20090209.0
104745.0,2119.1867401658774,0.0,20090209.0
104745.0,2103.5453805960606,1.0,20090209.0
104745.0,2106.374565802442,0.0,20090420.0
104745.0,2108.236612554309,0.0,20090420.0
104745.0,2116.477956806051,0.0,20090420.0
104745.0,2123.7878345076133,0.0,20090420.0
104745.0,2131.1050354731324,0.0,20090420.0
104745.0,2133.7016306141027,0.0,20090105.0
103819.0,2231.2937944109844,0.0,20090105.0
104745.0,2135.8272154141932,0.0,20090105.0
103819.0,2233.3560711984287,0.0,20090105.0
104745.0,2114.079378880365,1.0,20090105.0
103819.0,2236.7909395478064,0.0,20090105.0
103819.0,2210.559180368691,1.0,20090105.0
104925.0,2003.886611069874,0.0,20090223.0
104925.0,2006.920944433456,0.0,20090223.0
104925.0,2014.2565838096016,0.0,20090223.0
104925.0,2022.0497498718428,0.0,20090223.0
104925.0,2031.4787819768594,0.0,20090223.0
104925.0,2036.1600242652194,0.0,20090216.0
104925.0,2038.83784603391,0.0,20090216.0
104925.0,2041.6000482017798,0.0,20090216.0
104925.0,2024.0707794438595,1.0,20090216.0
104925.0,2027.33148874047,0.0,20090608.0
104925.0,2031.9306916394762,0.0,20090608.0
104925.0,2037.3998371098405,0.0,20090608.0
104925.0,2042.0051152170736,0.0,20090608.0
104925.0,2023.5097742136973,1.0,20090608.0
104925.0,2027.7017106360165,0.0,20090504.0
104925.0,2031.8274170461798,0.0,20090504.0
104925.0,2035.7654051658878,0.0,20090504.0
104925.0,2038.1383575290072,0.0,20090504.0
104745.0,2118.115060566779,0.0,20091005.0
104925.0,2041.8805477576798,0.0,20091005.0
104745.0,2124.636422407205,0.0,20091005.0
104925.0,2045.805704919086,0.0,20091005.0
104745.0,2128.29220094285,0.0,20091005.0
104925.0,2054.241932708772,0.0,20091005.0
104745.0,2106.520916263956,1.0,20091005.0
104925.0,2063.950478235602,0.0,20091005.0
104925.0,2071.008854998698,0.0,20091005.0
103819.0,2211.8400437186083,0.0,20100104.0
104745.0,2108.6169170393337,0.0,20100104.0
103819.0,2214.2971998495336,0.0,20100104.0
104745.0,2111.034712886083,0.0,20100104.0
103819.0,2216.419656931669,0.0,20100104.0
104745.0,2113.3878027672463,0.0,20100104.0
103819.0,2187.154938867709,1.0,20100104.0
104745.0,2116.911461169419,0.0,20100104.0
104745.0,2098.683586255139,1.0,20100104.0
104925.0,2074.73411220056,0.0,20100208.0
104925.0,2076.7957875219395,0.0,20100208.0
104925.0,2079.1148845672733,0.0,20100208.0
104925.0,2060.127862309044,1.0,20100208.0
104925.0,2063.575122447621,0.0,20100222.0
104925.0,2067.6860692207783,0.0,20100222.0
104925.0,2072.8542424555635,0.0,20100222.0
104925.0,2079.397862582873,0.0,20100222.0
104925.0,2087.4443538066744,0.0,20100222.0
104925.0,2089.210544836285,0.0,20100503.0
104925.0,2066.0320298910174,1.0,20100503.0
103819.0,2188.8872989863144,0.0,20100503.0
103819.0,2191.249585824471,0.0,20100503.0
103819.0,2157.2481446979623,1.0,20100503.0
103819.0,2159.887054826063,0.0,20100607.0
103819.0,2161.3336867069697,0.0,20100607.0
103819.0,2166.554997827279,0.0,20100607.0
103819.0,2170.2255300102242,0.0,20100607.0
103819.0,2139.480337603561,1.0,20100607.0
104745.0,2099.8969601560393,0.0,20100607.0
104925.0,2066.767168146853,0.0,20100607.0
104745.0,2101.820203892613,0.0,20100607.0
104925.0,2044.0617347069808,1.0,20100607.0
104745.0,2077.791788533529,1.0,20100607.0
104745.0,2078.677194045388,0.0,20100927.0
104745.0,2081.0593456899937,0.0,20100927.0
104745.0,2056.4863137013945,1.0,20100927.0
104925.0,2045.6436521146834,0.0,20101004.0
104925.0,2054.8686135484845,0.0,20101004.0
104925.0,2061.8766968999453,0.0,20101004.0
104925.0,2068.124533123641,0.0,20101004.0
104925.0,2077.5394420450693,0.0,20101004.0
104745.0,2058.5440097754404,0.0,20101004.0
104745.0,2062.6248941961585,0.0,20101004.0
104745.0,2068.339683569598,0.0,20101004.0
104745.0,2073.3743853900787,0.0,20101004.0
104745.0,2081.038246144924,0.0,20101004.0
103819.0,2141.7746146822533,0.0,20101018.0
103819.0,2147.2036011213204,0.0,20101018.0
103819.0,2152.356288930989,0.0,20101018.0
103819.0,2155.536129883092,0.0,20101018.0
103819.0,2157.7764394760725,0.0,20101101.0
104925.0,2081.439407160052,0.0,20101101.0
103819.0,2161.9425541636406,0.0,20101101.0
104925.0,2085.8874631681965,0.0,20101101.0
103819.0,2168.913675710657,0.0,20101101.0
104925.0,2088.6236025512185,0.0,20101101.0
103819.0,2179.711931489586,0.0,20101101.0
104925.0,2094.1875813559823,0.0,20101101.0
103819.0,2192.61070493132,0.0,20101101.0
104925.0,2084.110339820555,0.0,20101101.0
104745.0,2082.701718810334,0.0,20110103.0
103819.0,2193.362310854766,0.0,20110103.0
104745.0,2085.4344390429387,0.0,20110103.0
103819.0,2195.0831385055108,0.0,20110103.0
104745.0,2089.7962469612876,0.0,20110103.0
103819.0,2199.572530413964,0.0,20110103.0
104745.0,2068.5578851888213,1.0,20110103.0
103819.0,2204.7345581511336,0.0,20110103.0
103819.0,2210.625464232311,0.0,20110103.0
103819.0,2212.5051083770104,0.0,20110221.0
104925.0,2089.369599365702,0.0,20110221.0
103819.0,2214.468692070309,0.0,20110221.0
104925.0,2093.186478898432,0.0,20110221.0
103819.0,2217.102540835248,0.0,20110221.0
104925.0,2097.070372078437,0.0,20110221.0
103819.0,2221.086700542459,0.0,20110221.0
104925.0,2102.6777722188435,0.0,20110221.0
104925.0,2119.9324296843315,1.0,20110221.0
103819.0,2198.9685271033513,1.0,20110221.0
104745.0,2070.7515556110334,0.0,20110418.0
104745.0,2075.2969706580857,0.0,20110418.0
104745.0,2084.2314251049984,0.0,20110418.0
104745.0,2090.643182420352,0.0,20110418.0
104745.0,2102.6428141114156,0.0,20110418.0
104925.0,2121.5956781409504,0.0,20110425.0
104925.0,2123.245492905695,0.0,20110425.0
104925.0,2127.7754870121735,0.0,20110425.0
104925.0,2132.1292552133154,0.0,20110425.0
104745.0,2105.7621501559825,0.0,20110606.0
104745.0,2112.3090265359624,0.0,20110606.0
104745.0,2091.2572952715923,1.0,20110606.0
104745.0,2092.0855359614247,0.0,20111003.0
104745.0,2100.063030345279,0.0,20111003.0
104745.0,2104.3064002100846,0.0,20111003.0
104745.0,2111.857155256048,0.0,20111003.0
104745.0,2097.698063035258,1.0,20111003.0
104925.0,2134.7165283378363,0.0,20111031.0
103819.0,2201.0299757116254,0.0,20111031.0
104925.0,2136.493680326687,0.0,20111031.0
103819.0,2204.06637328992,0.0,20111031.0
104925.0,2140.5124488105243,0.0,20111031.0
103819.0,2213.5830480952177,0.0,20111031.0
104925.0,2116.341159795275,1.0,20111031.0
103819.0,2217.0735303318306,0.0,20111031.0
103819.0,2220.491871803899,0.0,20111031.0
104745.0,2102.7087992404477,0.0,20120102.0
103819.0,2224.453705832105,0.0,20120102.0
104745.0,2104.2720291682904,0.0,20120102.0
103819.0,2225.625158970738,0.0,20120102.0
104745.0,2110.905156451833,0.0,20120102.0
103819.0,2227.8769242376347,0.0,20120102.0
104745.0,2091.9655490932437,1.0,20120102.0
103819.0,2200.786138739747,1.0,20120102.0
103819.0,2202.7908357002234,0.0,20120213.0
103819.0,2208.644177423481,0.0,20120213.0
103819.0,2212.425436331134,0.0,20120213.0
103819.0,2216.8550826278424,0.0,20120213.0
103819.0,2223.9167034195293,0.0,20120213.0
104925.0,2118.9701659862717,0.0,20120227.0
103819.0,2226.8442136898348,0.0,20120227.0
104925.0,2121.037464781625,0.0,20120227.0
103819.0,2229.2084410980992,0.0,20120227.0
104925.0,2127.485500280276,0.0,20120227.0
103819.0,2234.67483817317,0.0,20120227.0
104925.0,2113.9924630181304,0.0,20120227.0
103819.0,2242.5730708503843,0.0,20120227.0
103819.0,2254.2871323265326,0.0,20120227.0
104745.0,2094.7104374106643,0.0,20120423.0
104745.0,2096.0052632927554,0.0,20120423.0
104745.0,2103.1451164309865,0.0,20120423.0
104745.0,2110.856467934914,0.0,20120423.0
104745.0,2124.0584068345397,0.0,20120423.0
104745.0,2126.447736896302,0.0,20120611.0
103819.0,2256.5240523017437,0.0,20120611.0
104745.0,2104.9519320213794,1.0,20120611.0
103819.0,2262.934682194355,0.0,20120611.0
103819.0,2267.734868006257,0.0,20120611.0
103819.0,2238.553634741876,1.0,20120611.0
103819.0,2239.3938116124345,0.0,20120725.0
104925.0,2116.1567787082863,0.0,20120725.0
103819.0,2241.4530977586683,0.0,20120725.0
104925.0,2124.566145241712,0.0,20120725.0
103819.0,2243.2264187534793,0.0,20120725.0
104925.0,2128.957394960565,0.0,20120725.0
103819.0,2247.5027229901984,0.0,20120725.0
104925.0,2137.276944303709,0.0,20120725.0
103819.0,2255.964863460299,0.0,20120725.0
104925.0,2123.274131863704,1.0,20120725.0
103819.0,2235.3245043333586,1.0,20120725.0
104925.0,2107.6310357228335,1.0,20120725.0
104925.0,2109.805611876546,0.0,20121001.0
104925.0,2112.3946056862237,0.0,20121001.0
104925.0,2116.424679521234,0.0,20121001.0
104925.0,2120.466388340057,0.0,20121001.0
104925.0,2130.3285288705047,0.0,20121001.0
103819.0,2236.7095311655926,0.0,20121022.0
103819.0,2239.2413683264094,0.0,20121022.0
103819.0,2240.5074075559905,0.0,20121022.0
103819.0,2242.026774812458,0.0,20121022.0
103819.0,2219.9942795021407,1.0,20121022.0
104745.0,2106.8509558862784,0.0,20130204.0
104745.0,2108.5170697600224,0.0,20130204.0
104745.0,2111.2003358171974,0.0,20130204.0
104745.0,2084.8030228807265,1.0,20130204.0
103819.0,2221.755276703359,0.0,20130211.0
103819.0,2223.106857107072,0.0,20130211.0
103819.0,2192.9474776060524,1.0,20130211.0
104745.0,2087.118971990135,0.0,20130211.0
104745.0,2090.3129139759167,0.0,20130211.0
104745.0,2093.517307881909,0.0,20130211.0
104745.0,2101.1280545196837,0.0,20130211.0
104745.0,2102.433006175187,0.0,20130225.0
104745.0,2104.730108286695,0.0,20130225.0
104745.0,2107.2894124338636,0.0,20130225.0
104745.0,2115.6539629385975,0.0,20130225.0
104745.0,2129.64954913628,0.0,20130225.0
104925.0,2132.931330463739,0.0,20130225.0
103819.0,2194.1532118393516,0.0,20130225.0
104925.0,2134.365845872529,0.0,20130225.0
103819.0,2197.0239740718903,0.0,20130225.0
104925.0,2138.6397687580343,0.0,20130225.0
103819.0,2201.0067362732857,0.0,20130225.0
104925.0,2151.7067975938803,0.0,20130225.0
103819.0,2175.4378017763934,1.0,20130225.0
104925.0,2159.554875882797,0.0,20130225.0
104745.0,2132.0440197965,0.0,20130422.0
104745.0,2134.3563379414063,0.0,20130422.0
104745.0,2136.923864537998,0.0,20130422.0
104745.0,2145.250069805199,0.0,20130422.0
104745.0,2153.222032922403,0.0,20130422.0
103819.0,2177.4410542351293,0.0,20130610.0
103819.0,2178.6677091143533,0.0,20130610.0
103819.0,2184.3880414978016,0.0,20130610.0
103819.0,2189.4412100026666,0.0,20130610.0
103819.0,2191.411341908628,0.0,20130715.0
103819.0,2192.5457253837676,0.0,20130715.0
103819.0,2195.8735287870704,0.0,20130715.0
103819.0,2164.5954327051286,1.0,20130715.0
103819.0,2133.0158615126484,1.0,20130722.0
104925.0,2161.0834914162756,0.0,20130930.0
104745.0,2155.329744272101,0.0,20130930.0
104925.0,2164.489276662054,0.0,20130930.0
104745.0,2159.5122621132814,0.0,20130930.0
104925.0,2168.4880656739315,0.0,20130930.0
104745.0,2163.783506825325,0.0,20130930.0
104925.0,2174.0745947314144,0.0,20130930.0
104745.0,2171.2476112887175,0.0,20130930.0
104925.0,2187.400580191819,0.0,20130930.0
104745.0,2157.386681014612,0.0,20130930.0
103819.0,2134.918107341138,0.0,20131021.0
103819.0,2137.957248047774,0.0,20131021.0
103819.0,2143.6267822726268,0.0,20131021.0
103819.0,2146.279988283659,0.0,20131021.0
103819.0,2130.0534184860844,0.0,20131021.0
103819.0,2134.0197184517597,0.0,20131229.0
103819.0,2137.036877251258,0.0,20131229.0
103819.0,2139.9733202194957,0.0,20131229.0
103819.0,2112.366898492495,1.0,20131229.0
104745.0,2159.1537105847196,0.0,20131230.0
104745.0,2160.7769050244024,0.0,20131230.0
104745.0,2164.8254649117475,0.0,20131230.0
104745.0,2167.5161009703143,0.0,20131230.0
104745.0,2172.5893671051203,0.0,20131230.0
104745.0,2173.490188955715,0.0,20140217.0
104745.0,2175.593255011019,0.0,20140217.0
104745.0,2177.442239774026,0.0,20140217.0
104745.0,2178.8147551737056,0.0,20140217.0
104745.0,2181.9977661486664,0.0,20140217.0
104925.0,2189.357523230389,0.0,20140224.0
103819.0,2115.0020517691746,0.0,20140224.0
104925.0,2191.1999462436697,0.0,20140224.0
103819.0,2120.004373097272,0.0,20140224.0
104925.0,2194.9953796343702,0.0,20140224.0
103819.0,2122.6888814429158,0.0,20140224.0
103819.0,2141.997356702373,1.0,20140224.0
104925.0,2178.74081139232,1.0,20140224.0
103819.0,2151.8483860990473,0.0,20140224.0
104745.0,2183.816094582708,0.0,20140421.0
104745.0,2186.8867977230684,0.0,20140421.0
104745.0,2161.9481647437783,1.0,20140421.0
104745.0,2132.596013108486,1.0,20140609.0
103819.0,2153.8500733420824,0.0,20140609.0
103819.0,2155.9070318886284,0.0,20140609.0
103819.0,2163.809864478497,0.0,20140609.0
103819.0,2165.758392501197,0.0,20140609.0
104925.0,2180.5207520828862,0.0,20140929.0
104745.0,2138.563875218357,0.0,20140929.0
104925.0,2182.8315344433076,0.0,20140929.0
104745.0,2140.793651016331,0.0,20140929.0
104925.0,2189.366768461512,0.0,20140929.0
104745.0,2113.023357147446,1.0,20140929.0
104925.0,2200.612249851163,0.0,20140929.0
104925.0,2206.8009560903115,0.0,20140929.0
103819.0,2168.071887016622,0.0,20141020.0
104745.0,2115.334007475371,0.0,20141020.0
103819.0,2171.259652855876,0.0,20141020.0
104745.0,2116.714150697848,0.0,20141020.0
103819.0,2179.3108908157483,0.0,20141020.0
104745.0,2088.7909804657575,1.0,20141020.0
103819.0,2182.872010243556,0.0,20141020.0
103819.0,2186.1352151906967,0.0,20141020.0
103819.0,2187.3540352935147,0.0,20150104.0
103819.0,2188.702307098866,0.0,20150104.0
103819.0,2196.441823395645,0.0,20150104.0
103819.0,2203.1337540179393,0.0,20150104.0
104925.0,2207.478447595703,0.0,20150105.0
104745.0,2058.5655555468206,1.0,20150105.0
104925.0,2208.6191793587877,0.0,20150105.0
104925.0,2183.1806888262972,1.0,20150105.0
104745.0,2063.2082952765622,0.0,20150216.0
104745.0,2065.6980569700836,0.0,20150216.0
104745.0,2073.373615361261,0.0,20150216.0
104745.0,2048.1633471389723,1.0,20150216.0
104745.0,2048.909798058934,0.0,20150223.0
104745.0,2053.3124076282134,0.0,20150223.0
104745.0,2057.4719975678913,0.0,20150223.0
104745.0,2064.50304605933,0.0,20150223.0
104925.0,2185.688252920004,0.0,20150223.0
103819.0,2205.4416874430876,0.0,20150223.0
104925.0,2186.6307667979645,0.0,20150223.0
103819.0,2208.300944895862,0.0,20150223.0
104925.0,2187.181139636864,0.0,20150223.0
103819.0,2213.6879936776895,0.0,20150223.0
104925.0,2195.027181915134,0.0,20150223.0
103819.0,2215.9391372493947,0.0,20150223.0
103819.0,2230.630781563408,0.0,20150223.0
104925.0,2181.6554416087597,0.0,20150223.0
104745.0,2073.116795539433,0.0,20150420.0
104745.0,2048.596364895865,1.0,20150420.0
103819.0,2231.995362739509,0.0,20150427.0
103819.0,2233.3462809391476,0.0,20150427.0
103819.0,2234.1721640411333,0.0,20150427.0
103819.0,2237.834850269986,0.0,20150427.0
104745.0,2052.84075372448,0.0,20150608.0
104745.0,2058.6980323937896,0.0,20150608.0
104745.0,2068.019928502489,0.0,20150608.0
104745.0,2074.0041132485385,0.0,20150608.0
103819.0,2240.553080245835,0.0,20150615.0
103819.0,2243.050671180136,0.0,20150615.0
103819.0,2244.9115317973187,0.0,20150615.0
103819.0,2248.1207052015575,0.0,20150615.0
103819.0,2250.6689571714196,0.0,20150615.0
104745.0,2048.5032674953163,1.0,20150615.0
104745.0,2053.64100643685,0.0,20150727.0
104745.0,2056.712305613694,0.0,20150727.0
104745.0,2063.8254802384567,0.0,20150727.0
104745.0,2069.3945302948923,0.0,20150727.0
104745.0,2075.7426714999806,0.0,20150727.0
104925.0,2184.287542291261,0.0,20151005.0
104745.0,2076.5091474350143,0.0,20151005.0
104925.0,2185.901190659913,0.0,20151005.0
104745.0,2080.4469043086665,0.0,20151005.0
104925.0,2190.3808658202292,0.0,20151005.0
104745.0,2085.758993018799,0.0,20151005.0
104925.0,2198.662158784059,0.0,20151005.0
104745.0,2092.1828357207487,0.0,20151005.0
104925.0,2208.6740629964343,0.0,20151005.0
104745.0,2082.0337471873613,0.0,20151005.0
103819.0,2251.774962803584,0.0,20151026.0
104745.0,2085.4470427175816,0.0,20151026.0
103819.0,2255.129879628484,0.0,20151026.0
104745.0,2092.669347040231,0.0,20151026.0
103819.0,2257.3944330550935,0.0,20151026.0
104745.0,2101.799147363761,0.0,20151026.0
103819.0,2260.784088169022,0.0,20151026.0
104745.0,2109.6441519358186,0.0,20151026.0
103819.0,2270.72970175761,0.0,20151026.0
104745.0,2101.435626580458,0.0,20151026.0
103819.0,2271.6487085919794,0.0,20160104.0
103819.0,2275.443284153759,0.0,20160104.0
103819.0,2277.8300085206633,0.0,20160104.0
103819.0,2248.8821631918786,1.0,20160104.0
104745.0,2103.1378093218673,0.0,20160104.0
104925.0,2209.8929810488676,0.0,20160104.0
104745.0,2105.585288169667,0.0,20160104.0
104925.0,2211.8959419361227,0.0,20160104.0
104745.0,2107.068446804231,0.0,20160104.0
104925.0,2213.5695381045894,0.0,20160104.0
104745.0,2109.13359372265,0.0,20160104.0
104925.0,2220.6505613706486,0.0,20160104.0
104925.0,2230.590544075224,0.0,20160104.0
104745.0,2099.283973890756,0.0,20160104.0
104745.0,2103.1954523908503,0.0,20160208.0
104745.0,2105.144951508954,0.0,20160208.0
104745.0,2081.2315773350383,1.0,20160208.0
104745.0,2083.1786667464457,0.0,20160215.0
104745.0,2088.9201495435004,0.0,20160215.0
104745.0,2092.4538134071627,0.0,20160215.0
104745.0,2069.506228514614,1.0,20160215.0
104925.0,2232.767349024535,0.0,20160222.0
104925.0,2233.5119080525556,0.0,20160222.0
104925.0,2205.2994156395866,1.0,20160222.0
104745.0,2071.549522018036,0.0,20160418.0
104745.0,2074.861286433594,0.0,20160418.0
104745.0,2080.9889097943087,0.0,20160418.0
104745.0,2088.171524747614,0.0,20160418.0
104745.0,2100.612850887715,0.0,20160418.0
103819.0,2250.9054929784243,0.0,20160606.0
103819.0,2252.805016306028,0.0,20160606.0
103819.0,2223.8477147222407,1.0,20160606.0
103819.0,2224.8649545200583,0.0,20160613.0
103819.0,2225.9687863163613,0.0,20160613.0
103819.0,2228.8053704089007,0.0,20160613.0
103819.0,2197.35666380804,1.0,20160613.0
104925.0,2184.434411932324,1.0,20160808.0
104745.0,2104.3951934835627,0.0,20160808.0
104745.0,2107.6061306183715,0.0,20160808.0
104745.0,2111.452327522104,0.0,20160808.0
104745.0,2114.1412587599157,0.0,20160808.0
104745.0,2098.6592525464407,1.0,20160808.0
104745.0,2082.245200298279,1.0,20160808.0
104745.0,2084.533710160371,0.0,20161003.0
104745.0,2087.2794238339834,0.0,20161003.0
104745.0,2065.376662145153,1.0,20161003.0
104745.0,2069.30236727253,0.0,20170102.0
104745.0,2072.033300132089,0.0,20170102.0
104745.0,2053.85421605745,1.0,20170102.0
104925.0,2185.63613797549,0.0,20170102.0
104925.0,2186.6653542899335,0.0,20170102.0
104925.0,2189.508631022378,0.0,20170102.0
104925.0,2192.10004207935,0.0,20170102.0
104925.0,2208.3619791468195,1.0,20170102.0
104745.0,2056.570960305906,0.0,20170227.0
104925.0,2210.8479496813097,0.0,20170227.0
104745.0,2059.4542101553775,0.0,20170227.0
104925.0,2220.86149128454,0.0,20170227.0
104745.0,2062.0101081212174,0.0,20170227.0
104925.0,2196.065565551993,1.0,20170227.0
104745.0,2071.3555740292913,0.0,20170227.0
104745.0,2049.1736516894266,1.0,20170227.0
103819.0,2199.348615043734,0.0,20170227.0
103819.0,2164.707255129443,1.0,20170227.0
104745.0,2050.2136662226103,0.0,20170424.0
104745.0,2054.746793228479,0.0,20170424.0
104745.0,2058.4871300180616,0.0,20170424.0
104745.0,2060.8299540618727,0.0,20170424.0
104745.0,2070.466258619512,0.0,20170424.0
103819.0,2132.3832470800226,1.0,20170612.0
103819.0,2133.9211278451294,0.0,20170619.0
103819.0,2137.3274986453443,0.0,20170619.0
103819.0,2140.925434414101,0.0,20170619.0
103819.0,2144.944467952932,0.0,20170619.0
103819.0,2153.5978082389092,0.0,20170619.0
104925.0,2197.5947646918157,0.0,20170626.0
104925.0,2200.0191625576763,0.0,20170626.0
104925.0,2202.6949721807723,0.0,20170626.0
104925.0,2207.614939754851,0.0,20170626.0
104745.0,2076.036806112535,0.0,20171002.0
104745.0,2080.061328352327,0.0,20171002.0
104745.0,2085.953530508021,0.0,20171002.0
104745.0,2094.622099720873,0.0,20171002.0
104745.0,2101.661180599388,0.0,20171002.0
103819.0,2154.0679715892193,0.0,20171023.0
103819.0,2156.7476141459574,0.0,20171023.0
103819.0,2159.7823354087877,0.0,20171023.0
103819.0,2166.1818583239387,0.0,20171023.0
103819.0,2178.229909473316,0.0,20171023.0
103819.0,2183.50121063863,0.0,20170922.0
103819.0,2187.298992693879,0.0,20170922.0
104745.0,2107.685606535203,0.0,20170922.0
104745.0,2084.717953042137,1.0,20170922.0
103819.0,2188.6151142357603,0.0,20180212.0
103819.0,2193.1066600082336,0.0,20180212.0
103819.0,2195.5054417045767,0.0,20180212.0
103819.0,2198.136744465613,0.0,20180212.0
103819.0,2205.4579429893365,0.0,20180212.0
104925.0,2179.160573059194,1.0,20180423.0
104745.0,2086.8360640347764,0.0,20180423.0
104745.0,2089.2479361469573,0.0,20180423.0
104745.0,2093.3631979868373,0.0,20180423.0
104745.0,2101.329469148431,0.0,20180423.0
104745.0,2104.9241186162094,0.0,20180423.0
103819.0,2206.984448160826,0.0,20180611.0
103819.0,2209.0746709019477,0.0,20180611.0
103819.0,2214.6611413088494,0.0,20180611.0
103819.0,2220.4449391359976,0.0,20180611.0
103819.0,2222.3535736651,0.0,20180618.0
103819.0,2224.647480767723,0.0,20180618.0
103819.0,2225.6533153079827,0.0,20180618.0
103819.0,2226.654153312531,0.0,20180618.0
103819.0,2194.0648831703174,1.0,20180618.0
104925.0,2180.969923062745,0.0,20180618.0
104925.0,2187.2425096468123,0.0,20180618.0
104925.0,2189.4834449596847,0.0,20180618.0
104925.0,2191.6717626035083,0.0,20180618.0
104925.0,2167.046667282307,1.0,20180618.0
103819.0,2195.7686577716113,0.0,20181022.0
103819.0,2197.9496446740895,0.0,20181022.0
103819.0,2200.6502469847655,0.0,20181022.0
103819.0,2206.103676456991,0.0,20181022.0
103819.0,2208.0963902122103,0.0,20181022.0
103819.0,2211.0320480396244,0.0,20180921.0
103819.0,2216.268438082909,0.0,20180921.0
104925.0,2141.071579359633,1.0,20180921.0
104925.0,2117.250528426195,1.0,20181231.0
104925.0,2120.584590441565,0.0,20181231.0
104925.0,2123.058511328564,0.0,20181231.0
104925.0,2125.957200074133,0.0,20181231.0
104745.0,2084.118336959374,1.0,20190225.0
104745.0,2086.3700185535845,0.0,20190225.0
103819.0,2219.9933432518646,0.0,20190225.0
103819.0,2222.5110943556074,0.0,20190225.0
103819.0,2225.00955973714,0.0,20190225.0
103819.0,2227.456439861612,0.0,20190225.0
103819.0,2229.797530830434,0.0,20190225.0
104745.0,2065.0778419868993,1.0,20190422.0
104745.0,2068.5598357654717,0.0,20190422.0
104745.0,2072.5960972649527,0.0,20190422.0
104745.0,2075.1077539457247,0.0,20190422.0
103819.0,2233.496681627131,0.0,20190617.0
103819.0,2235.54116523269,0.0,20190617.0
103819.0,2240.0802928168696,0.0,20190617.0
103819.0,2244.8065143114814,0.0,20190617.0
103819.0,2246.118899018075,0.0,20190617.0
104925.0,2127.8886598100703,0.0,20190930.0
104925.0,2133.236433238168,0.0,20190930.0
104925.0,2136.8912866024743,0.0,20190930.0
104925.0,2138.0751509972824,0.0,20190930.0
104925.0,2139.025651686444,0.0,20190930.0
103819.0,2249.592281798084,0.0,20191021.0
103819.0,2253.6754726469003,0.0,20191021.0
103819.0,2257.233109188671,0.0,20191021.0
103819.0,2258.5729741316222,0.0,20191021.0
103819.0,2260.1371270660275,0.0,20191021.0
103819.0,2262.4627461120685,0.0,20190920.0
103819.0,2267.1177914494083,0.0,20190920.0
104745.0,2080.485521429627,0.0,20190920.0
104925.0,2151.990344298012,0.0,20200106.0
104745.0,2069.002423679003,0.0,20200106.0
104925.0,2159.7766561599865,0.0,20200106.0
104745.0,2075.820189440932,0.0,20200106.0
104925.0,2162.216720124583,0.0,20200106.0
104745.0,2054.419289308545,1.0,20200106.0
104925.0,2166.2670393439603,0.0,20200106.0
104925.0,2171.7825354028346,0.0,20200106.0
104925.0,2173.880365274137,0.0,20200106.0
104745.0,2057.9087417981764,0.0,20200106.0
104745.0,2062.6320404179496,0.0,20200106.0
104745.0,2065.5065108461763,0.0,20200106.0
104745.0,2068.633523208986,0.0,20200224.0
104745.0,2073.194998511084,0.0,20200224.0
104745.0,2076.743878137722,0.0,20200224.0
104745.0,2080.2793965709743,0.0,20200224.0
104745.0,2082.491359923711,0.0,20200224.0
104925.0,2179.432471553257,0.0,20200224.0
104925.0,2184.5397645527746,0.0,20200224.0
104925.0,2187.0642776199543,0.0,20200224.0
104925.0,2188.904589407032,0.0,20200224.0
104925.0,2189.99506856791,0.0,20200224.0
104925.0,2159.535502106113,1.0,20201026.0
104925.0,2162.8418918435264,0.0,20201026.0
104925.0,2166.1540983700675,0.0,20201026.0
104925.0,2167.027924553944,0.0,20210724.0
104925.0,2169.118952714218,0.0,20210724.0
104925.0,2171.306664246868,0.0,20210724.0
104925.0,2178.049891260227,0.0,20210724.0
104925.0,2152.0567909560523,1.0,20210724.0
104925.0,2123.88638635765,1.0,20210724.0
103819.0,2231.3536527164088,1.0,20210517.0
104745.0,2085.832101726314,0.0,20210802.0
104745.0,2060.6414179471585,1.0,20210802.0
104745.0,2063.934928230663,0.0,20210419.0
104745.0,2073.476769491667,0.0,20210419.0
104745.0,2077.5178162206107,0.0,20210419.0
104745.0,2084.2621093130197,0.0,20210419.0
104745.0,2092.745913681243,0.0,20210419.0
103819.0,2233.75436174386,0.0,20210308.0
103819.0,2198.942404241137,1.0,20210308.0
103819.0,2201.0030971654996,0.0,20210614.0
103819.0,2167.473746747952,1.0,20210614.0
104925.0,2127.272505323994,0.0,20210419.0
104925.0,2130.724639688956,0.0,20210419.0
104925.0,2103.492364812008,1.0,20210419.0
104925.0,2107.2840839890973,0.0,20210202.0
104925.0,2117.6613958792736,0.0,20210202.0
104925.0,2119.406563963147,0.0,20210524.0
104925.0,2121.266894533671,0.0,20210524.0
104925.0,2123.0444189286695,0.0,20210524.0
104925.0,2125.3020334499342,0.0,20210524.0
104745.0,2094.4986008392434,0.0,20220103.0
104745.0,2096.7036468349133,0.0,20220103.0
104745.0,2098.6766953470114,0.0,20220103.0
104745.0,2100.5640988311816,0.0,20220103.0
104745.0,2106.495950381665,0.0,20220221.0
104745.0,2115.9851499686074,0.0,20220221.0
104745.0,2119.1885195754057,0.0,20220221.0
104745.0,2120.011374321929,0.0,20220221.0
104745.0,2121.2863714328214,0.0,20220221.0
104925.0,2094.2980987258006,1.0,20220221.0
104925.0,2099.839057839584,0.0,20220221.0
104925.0,2102.760975023073,0.0,20220221.0
104925.0,2082.53361102501,1.0,20220418.0
104925.0,2088.4546928434024,0.0,20220418.0
104925.0,2091.520175344307,0.0,20220418.0
104925.0,2094.9407485846577,0.0,20220418.0
104925.0,2098.3305667837035,0.0,20220923.0
104925.0,2072.703194913261,1.0,20220923.0
104925.0,2078.458676522642,0.0,20220926.0
104925.0,2081.3896010911863,0.0,20220926.0
104925.0,2084.5785024643137,0.0,20220926.0
104925.0,2086.8160404815508,0.0,20220926.0
104925.0,2096.48945288359,0.0,20221003.0
104925.0,2106.073335051138,0.0,20221003.0
104925.0,2111.180795994347,0.0,20221003.0
104925.0,2114.5091267445287,0.0,20221003.0
104925.0,2116.6382213914994,0.0,20221003.0
